<?xml version="1.0" encoding="UTF-8"?>
<FindBugsFilter>
    <Match>
        <Bug pattern="BC_UNCONFIRMED_CAST"/>
        <Class name="de.danoeh.antennapod.ui.screen.drawer.NavListAdapter"/>
    </Match>
    <Match>
        <Bug pattern="DLS_DEAD_LOCAL_STORE"/>
        <Class name="de.danoeh.antennapod.ui.statistics.StatisticsFragment"/>
    </Match>
    <Match>
        <Bug pattern="DM_DEFAULT_ENCODING"/>
        <Class name="de.danoeh.antennapod.parser.media.vorbis.VorbisCommentReader"/>
    </Match>
    <Match>
        <Bug pattern="EQ_CHECK_FOR_OPERAND_NOT_COMPATIBLE_WITH_THIS"/>
        <Class name="de.danoeh.antennapod.model.feed.FeedMedia"/>
    </Match>
    <Match>
        <Bug pattern="EQ_CHECK_FOR_OPERAND_NOT_COMPATIBLE_WITH_THIS"/>
        <Class name="de.danoeh.antennapod.model.playback.RemoteMedia"/>
    </Match>
    <Match>
        <Bug pattern="HSC_HUGE_SHARED_STRING_CONSTANT"/>
        <Class name="de.danoeh.antennapod.net.ssl.BackportCaCerts"/>
    </Match>
    <Match>
        <Bug pattern="ICAST_IDIV_CAST_TO_DOUBLE"/>
        <Class name="de.danoeh.antennapod.ui.echo.background.RotatingSquaresBackground"/>
    </Match>
    <Match>
        <Bug pattern="MS_CANNOT_BE_FINAL"/>
        <Class name="de.danoeh.antennapod.playback.service.PlaybackService"/>
    </Match>
    <Match>
        <Bug pattern="MS_MUTABLE_ARRAY"/>
        <Class name="de.danoeh.antennapod.ui.screen.drawer.NavDrawerFragment"/>
    </Match>
    <Match>
        <Bug pattern="MS_SHOULD_BE_FINAL"/>
        <Class name="de.danoeh.antennapod.net.common.UserAgentInterceptor"/>
    </Match>
    <Match>
        <Bug pattern="NP_NONNULL_PARAM_VIOLATION"/>
        <Class name="de.danoeh.antennapod.activity.MainActivity"/>
    </Match>
    <Match>
        <Bug pattern="NP_NULL_ON_SOME_PATH"/>
        <Class name="de.danoeh.antennapod.activity.MainActivity"/>
    </Match>
    <Match>
        <Bug pattern="NP_NULL_ON_SOME_PATH"/>
        <Class name="de.danoeh.antennapod.model.feed.FeedMedia"/>
    </Match>
    <Match>
        <Bug pattern="RV_RETURN_VALUE_IGNORED_BAD_PRACTICE"/>
        <Class name="de.danoeh.antennapod.core.service.download.DownloadRequestCreator"/>
    </Match>
    <Match>
        <Bug pattern="RV_RETURN_VALUE_IGNORED_BAD_PRACTICE"/>
        <Class name="de.danoeh.antennapod.PreferenceUpgrader"/>
    </Match>
    <Match>
        <Bug pattern="ST_WRITE_TO_STATIC_FROM_INSTANCE_METHOD"/>
        <Class name="de.danoeh.antennapod.playback.service.PlaybackService"/>
    </Match>
    <Match>
        <Bug pattern="ST_WRITE_TO_STATIC_FROM_INSTANCE_METHOD"/>
        <Class name="de.danoeh.antennapod.ui.home.sections.EpisodesSurpriseSection"/>
    </Match>

    <Match><Class name="de.danoeh.antennapod.core.ClientConfig"/></Match>

    <Match><Package name="~.*\.databinding"/></Match>

    <Match><Bug pattern="DMI_RANDOM_USED_ONLY_ONCE"/></Match>
    <Match><Bug pattern="EI_EXPOSE_REP"/></Match>
    <Match><Bug pattern="EI_EXPOSE_REP2"/></Match>
    <Match><Bug pattern="HE_EQUALS_USE_HASHCODE"/></Match>
    <Match><Bug pattern="IS2_INCONSISTENT_SYNC"/></Match>
    <Match><Bug pattern="NP_NULL_ON_SOME_PATH_FROM_RETURN_VALUE"/></Match>
    <Match><Bug pattern="OS_OPEN_STREAM"/></Match>
    <Match><Bug pattern="RV_RETURN_VALUE_IGNORED"/></Match>
    <Match><Bug pattern="SE_COMPARATOR_SHOULD_BE_SERIALIZABLE"/></Match>
    <Match><Bug pattern="SE_NO_SERIALVERSIONID"/></Match>
    <Match><Bug pattern="SE_TRANSIENT_FIELD_NOT_RESTORED"/></Match>
    <Match><Bug pattern="ST_WRITE_TO_STATIC_FROM_INSTANCE_METHOD"/></Match>
    <Match><Bug pattern="VA_FORMAT_STRING_USES_NEWLINE"/></Match>
</FindBugsFilter>
